Analizador 1; Fencuencia 1;Analizador 2; Fencuencia 2;Analizador 3;Fencuencia 3;;
la;16;la;16;la;16;;
de;14;de;14;de;14;;
y;10;y;10;y;10;;
en;6;en;6;en;6;;
inteligencia;5;inteligencia;5;int;6;;
que;5;que;5;inteligencia;5;;
por;4;por;4;com;5;;
artificial;4;artificial;4;que;5;;
natural;3;natural;3;por;4;;
los;3;los;3;art;4;;
a;3;a;3;est;4;;
el;3;el;3;artificial;4;;
computadora;2;computadora;2;des;3;;
como;2;como;2;nat;3;;
manera;2;manera;2;los;3;;
está;2;está;2;man;3;;
tecnología;2;tecnología;2;a;3;;
algoritmos;2;algoritmos;2;res;3;;
procesamiento;2;procesamiento;2;el;3;;
emocionantes;2;emocionantes;2;pro;3;;
han;2;han;2;aut;3;;
utilizan;2;utilizan;2;cam;3;;
es;2;es;2;computadora;2;;
campo;2;campo;2;tec;2;;
visión;2;visión;2;len;2;;
lenguaje;2;lenguaje;2;apl;2;;
para;2;para;2;como;2;;
sistemas;2;sistemas;2;vis;2;;
realizar;1;realizar;1;manera;2;;
virtuales;1;virtuales;1;está;2;;
del;1;del;1;algoritmos;2;;
aplicada;1;aplicada;1;procesamiento;2;;
segura;1;segura;1;nue;2;;
aprendizaje;1;aprendizaje;1;con;2;;
responder;1;responder;1;han;2;;
estos;1;estos;1;alg;2;;
maneras;1;maneras;1;par;2;;
abierto;1;abierto;1;uti;2;;
posibilidades;1;posibilidades;1;utilizan;2;;
requieren;1;requieren;1;es;2;;
autónomos;1;autónomos;1;campo;2;;
desarrollar;1;desarrollar;1;visión;2;;
se;1;se;1;emo;2;;
transformando;1;transformando;1;ava;2;;
chatbots;1;chatbots;1;med;2;;
aplicaciones;1;aplicaciones;1;lenguaje;2;;
campos;1;campos;1;para;2;;
investigación;1;investigación;1;cre;2;;
carreteras;1;carreteras;1;sis;2;;
muchas;1;muchas;1;sistemas;2;;
su;1;su;1;hum;1;;
relevantes;1;relevantes;1;pue;1;;
medicina;1;medicina;1;útiles.;1;;
texto;1;texto;1;ded;1;;
toma;1;toma;1;dec;1;;
siendo;1;siendo;1;realizar;1;;
con;1;con;1;virtuales;1;;
nuestro;1;nuestro;1;del;1;;
continúan;1;continúan;1;aplicada;1;;
resumen;1;resumen;1;medicina,;1;;
revolucionado;1;revolucionado;1;segura;1;;
automoción;1;automoción;1;fas;1;;
un;1;un;1;vir;1;;
interactuamos;1;interactuamos;1;aprendizaje;1;;
comprender;1;comprender;1;apr;1;;
las;1;las;1;nav;1;;
avanzando;1;avanzando;1;natural;1;;
industria;1;industria;1;tex;1;;
sigue;1;sigue;1;responder;1;;
vehículos;1;vehículos;1;estos;1;;
automático;1;automático;1;maneras;1;;
este;1;este;1;tecnología;1;;
respuestas;1;respuestas;1;abierto;1;;
pueden;1;pueden;1;posibilidades;1;;
potencial;1;potencial;1;log;1;;
desarrollo;1;desarrollo;1;requieren;1;;
preguntas;1;preguntas;1;avanzando.;1;;
nuevas;1;nuevas;1;autónomos;1;;
ejemplo;1;ejemplo;1;desarrollar;1;;
capaces;1;capaces;1;se;1;;
dedica;1;dedica;1;emocionantes,;1;;
fascinante;1;fascinante;1;tom;1;;
creciendo;1;creciendo;1;seg;1;;
además;1;además;1;transformando;1;;
también;1;también;1;pot;1;;
forma;1;forma;1;pos;1;;
avances;1;avances;1;chatbots;1;;
humana;1;humana;1;campos;1;;
asistentes;1;asistentes;1;investigación;1;;
proporcionar;1;proporcionar;1;muchas;1;;
analizar;1;analizar;1;eje;1;;
navegar;1;navegar;1;su;1;;
gama;1;gama;1;relevantes;1;;
más;1;más;1;automoción.;1;;
decisiones;1;decisiones;1;abi;1;;
útiles;1;útiles;1;texto;1;;
medida;1;medida;1;asi;1;;
atención;1;atención;1;toma;1;;
logística;1;logística;1;emocionantes;1;;
mundo;1;mundo;1;siendo;1;;
una;1;una;1;humana,;1;;
desafíos;1;desafíos;1;nuestro;1;;
tareas;1;tareas;1;continúan;1;;
creación;1;creación;1;revolucionado;1;;
uno;1;uno;1;rea;1;;
amplia;1;amplia;1;ate;1;;
;;;;aplicaciones.;1;;
;;;;resumen,;1;;
;;;;rel;1;;
;;;;veh;1;;
;;;;un;1;;
;;;;interactuamos;1;;
;;;;cha;1;;
;;;;comprender;1;;
;;;;req;1;;
;;;;ejemplo,;1;;
;;;;las;1;;
;;;;industria;1;;
;;;;tam;1;;
;;;;rev;1;;
;;;;pre;1;;
;;;;tra;1;;
;;;;ade;1;;
;;;;tar;1;;
;;;;sigue;1;;
;;;;tecnología,;1;;
;;;;vehículos;1;;
;;;;automático;1;;
;;;;este;1;;
;;;;natural.;1;;
;;;;respuestas;1;;
;;;;pueden;1;;
;;;;potencial;1;;
;;;;natural,;1;;
;;;;desarrollo;1;;
;;;;preguntas;1;;
;;;;muc;1;;
;;;;nuevas;1;;
;;;;capaces;1;;
;;;;amp;1;;
;;;;dedica;1;;
;;;;fascinante;1;;
;;;;mun;1;;
;;;;for;1;;
;;;;creciendo;1;;
;;;;además;1;;
;;;;también;1;;
;;;;forma;1;;
;;;;avances;1;;
;;;;sie;1;;
;;;;asistentes;1;;
;;;;proporcionar;1;;
;;;;sig;1;;
;;;;gam;1;;
;;;;carreteras.;1;;
;;;;cap;1;;
;;;;analizar;1;;
;;;;ana;1;;
;;;;car;1;;
;;;;navegar;1;;
;;;;gama;1;;
;;;;más;1;;
;;;;ind;1;;
;;;;medida;1;;
;;;;atención;1;;
;;;;logística;1;;
;;;;mundo;1;;
;;;;una;1;;
;;;;desafíos;1;;
;;;;tareas;1;;
;;;;úti;1;;
;;;;decisiones.;1;;
;;;;inv;1;;
;;;;creación;1;;
;;;;uno;1;;
;;;;amplia;1;;
